year,county,price
1776,1,3.87
1777,1,3.87
1778,1,4.005
1779,1,3.75
1780,1,4.005
1781,1,4.995
1782,1,3.945
1783,1,4.755
1784,1,4.245
1785,1,5.745
1786,1,5.505
1787,1,4.755
1788,1,4.995
1789,1,5.745
1790,1,5.88
1791,1,4.5
1792,1,5.745
1793,1,5.745
1794,1,3.63
1795,1,3.63
1796,1,3.405
1797,1,3.48
1798,1,4.17
1799,1,5.22
1800,1,6.975
1801,1,6.66
1802,1,6.36
1803,1,3.86
1804,1,4.16
1805,1,4.24
1806,1,5.37
1807,1,5.45
1808,1,6.82
1809,1,6.06
1810,1,4.85
1811,1,6.97
1812,1,9.09
1813,1,8.48
1814,1,7.27
1815,1,7.27
1816,1,8.63
1817,1,9.09
1818,1,10
1819,1,8.94
1820,1,7.12
1821,1,5.45
1822,1,5.76
1823,1,5.76
1824,1,5.45
1825,1,6.06
1826,1,9.54
1827,1,6.97
1828,1,5.76
1829,1,6.67
1830,1,7.57
1831,1,9.39
1832,1,7.27
1833,1,6.06
1834,1,6.82
1835,1,7.27
1836,1,6.82
1837,1,7.88
1838,1,9.09
1839,1,7.57
1840,1,8.18
1841,1,10.91
1842,1,8.48
1843,1,7.57
1844,1,6.36
1845,1,10.91
1846,1,8.79
1847,1,8.33
1848,1,6.36
1849,1,6.67
1850,1,8.33
1851,1,9.09
1852,1,9.09
1853,1,10.91
1854,1,9.7
1855,1,13.33
1856,1,11.06
1857,1,8.94
1858,1,7.42
1859,1,7.26
1860,1,8.94
1861,1,11.54
1862,1,9.4
1863,1,8.63
1864,1,6.68
1865,1,7.64
1866,1,8.33
1867,1,14.55
1868,1,12.11
1869,1,7.75
1870,1,8.06
1871,1,8.67
1872,1,8.98
1873,1,10.2
1874,1,9.85
1875,1,8.79
1876,1,9.4
1877,1,9.32
1878,1,7.64
1879,1,7.75
1880,1,11.19
1881,1,11.23
1882,1,8.14
1883,1,7.64
1884,1,7.26
1885,1,6.49
1886,1,6.34
1887,1,4.97
1888,1,7.26
1889,1,7.8
1890,1,8.1
1891,1,11.45
1892,1,8.2
1893,1,7.3
1894,1,5.75
1895,1,6.47
1896,1,7
1897,1,7.9
1898,1,8
1899,1,9.25
1900,1,9
1901,1,8.54
1902,1,7.8
1903,1,7.8
1904,1,7.9
1905,1,8.4
1906,1,8.52
1907,1,8.71
1908,1,8.95
1909,1,8.69
1910,1,8.1
1911,1,8.9
1912,1,8.4
1913,1,8.46
1914,1,11.79
1776,2,4.005
1777,2,3.75
1778,2,3.75
1779,2,3.75
1780,2,4.005
1781,2,4.995
1782,2,3.9
1783,2,4.815
1784,2,3.9
1785,2,5.25
1786,2,5.505
1787,2,4.5
1788,2,4.995
1789,2,6
1790,2,6
1791,2,4.38
1792,2,6
1793,2,6.255
1794,2,3.63
1795,2,3.78
1796,2,3.705
1797,2,3.555
1798,2,4.05
1799,2,5.595
1800,2,7.41
1801,2,7.275
1802,2,6.36
1803,2,3.79
1804,2,4.16
1805,2,4.24
1806,2,5.45
1807,2,5.53
1808,2,6.82
1809,2,6.21
1810,2,5.45
1811,2,7.27
1812,2,8.18
1813,2,7.88
1814,2,7.42
1815,2,7.27
1816,2,9.09
1817,2,10
1818,2,10.6
1819,2,9.09
1820,2,7.88
1821,2,5.91
1822,2,6.06
1823,2,6.06
1824,2,4.85
1825,2,6.36
1826,2,9.09
1827,2,6.36
1828,2,6.06
1829,2,7.27
1830,2,7.27
1831,2,9.09
1832,2,6.97
1833,2,6.06
1834,2,6.97
1835,2,6.97
1836,2,6.74
1837,2,7.57
1838,2,8.79
1839,2,7.57
1840,2,7.88
1841,2,10.45
1842,2,8.18
1843,2,7.88
1844,2,5.76
1845,2,10.6
1846,2,8.63
1847,2,8.18
1848,2,6.21
1849,2,6.82
1850,2,8.18
1851,2,8.63
1852,2,9.09
1853,2,10.6
1854,2,9.09
1855,2,12.73
1856,2,10.91
1857,2,8.63
1858,2,6.99
1859,2,6.99
1860,2,8.17
1861,2,10.92
1862,2,9.09
1863,2,8.02
1864,2,6.07
1865,2,6.95
1866,2,8.17
1867,2,12.99
1868,2,12.41
1869,2,7.49
1870,2,8.1
1871,2,8.48
1872,2,8.98
1873,2,10.31
1874,2,9.74
1875,2,9.09
1876,2,9.17
1877,2,8.4
1878,2,7.37
1879,2,8.17
1880,2,12.03
1881,2,10.5
1882,2,8.17
1883,2,7.52
1884,2,7.26
1885,2,6.03
1886,2,5.81
1887,2,4.67
1888,2,7.05
1889,2,7.75
1890,2,8
1891,2,12
1892,2,8
1893,2,7
1894,2,5.6
1895,2,6.42
1896,2,7.3
1897,2,7.7
1898,2,8.03
1899,2,9.4
1900,2,8.69
1901,2,8.49
1902,2,6.81
1903,2,7.64
1904,2,7.64
1905,2,8.86
1906,2,8.85
1907,2,8.94
1908,2,9.04
1909,2,8.86
1910,2,7.82
1911,2,9.1
1912,2,9.08
1913,2,8.35
1914,2,12.31
1776,3,3.81
1777,3,3.81
1778,3,4.155
1779,3,3.66
1780,3,3.87
1781,3,4.995
1782,3,4.005
1783,3,4.995
1784,3,4.005
1785,3,5.25
1786,3,5.25
1787,3,4.245
1788,3,4.995
1789,3,5.505
1790,3,4.995
1791,3,4.5
1792,3,5.505
1793,3,5.505
1794,3,3.63
1795,3,3.63
1796,3,3.48
1797,3,3.48
1798,3,4.245
1799,3,5.145
1800,3,7.275
1801,3,7.275
1802,3,6.36
1803,3,3.79
1804,3,4.16
1805,3,3.94
1806,3,5.15
1807,3,5.15
1808,3,6.67
1809,3,4.85
1810,3,4.7
1811,3,7.27
1812,3,7.88
1813,3,8.18
1814,3,7.27
1815,3,7.27
1816,3,8.48
1817,3,9.09
1818,3,9.88
1819,3,9.09
1820,3,7.27
1821,3,5.15
1822,3,5.15
1823,3,5.45
1824,3,5.76
1825,3,5.45
1826,3,8.48
1827,3,5.76
1828,3,4.54
1829,3,6.67
1830,3,6.97
1831,3,8.48
1832,3,6.67
1833,3,5.76
1834,3,6.67
1835,3,6.36
1836,3,6.36
1837,3,7.27
1838,3,8.63
1839,3,7.42
1840,3,7.27
1841,3,10
1842,3,7.88
1843,3,7.27
1844,3,5.76
1845,3,9.54
1846,3,8.18
1847,3,7.57
1848,3,6.06
1849,3,6.21
1850,3,7.88
1851,3,8.33
1852,3,8.33
1853,3,10
1854,3,8.94
1855,3,12.73
1856,3,10.91
1857,3,8.79
1858,3,6.99
1859,3,6.99
1860,3,8.48
1861,3,10.92
1862,3,9.09
1863,3,7.87
1864,3,6.23
1865,3,6.68
1866,3,7.64
1867,3,12.53
1868,3,11.46
1869,3,7.37
1870,3,7.64
1871,3,8.59
1872,3,9.17
1873,3,10.31
1874,3,9.7
1875,3,9.17
1876,3,9.36
1877,3,9.85
1878,3,7.64
1879,3,8.02
1880,3,10.89
1881,3,11.15
1882,3,8.4
1883,3,8.02
1884,3,7.64
1885,3,7.07
1886,3,6.11
1887,3,5.16
1888,3,7.18
1889,3,8
1890,3,8
1891,3,11
1892,3,8
1893,3,7.2
1894,3,5.58
1895,3,6.2
1896,3,7.3
1897,3,8.44
1898,3,8.33
1899,3,9.6
1900,3,8.64
1901,3,8.64
1902,3,7.7
1903,3,7.86
1904,3,8.52
1905,3,8.97
1906,3,8.98
1907,3,9.36
1908,3,9.7
1909,3,9.45
1910,3,8.46
1911,3,10.5
1912,3,9.97
1913,3,9.1
1914,3,13.18
1776,4,3.405
1777,4,3.495
1778,4,4.245
1779,4,3.405
1780,4,3.57
1781,4,4.755
1782,4,3.87
1783,4,5.25
1784,4,4.005
1785,4,4.995
1786,4,5.505
1787,4,4.38
1788,4,4.755
1789,4,5.25
1790,4,4.875
1791,4,4.5
1792,4,5.505
1793,4,5.505
1794,4,3.945
1795,4,3.63
1796,4,3.03
1797,4,3.63
1798,4,4.545
1799,4,5.46
1800,4,7.875
1801,4,7.275
1802,4,6.06
1803,4,3.79
1804,4,4.16
1805,4,3.86
1806,4,5.45
1807,4,5
1808,4,6.67
1809,4,5.25
1810,4,3.79
1811,4,6.82
1812,4,10.91
1813,4,9.24
1814,4,7.88
1815,4,8.18
1816,4,7.88
1817,4,9.09
1818,4,10
1819,4,9.09
1820,4,6.21
1821,4,4.54
1822,4,4.85
1823,4,6.06
1824,4,5.76
1825,4,5.6
1826,4,9.09
1827,4,6.06
1828,4,5.91
1829,4,6.21
1830,4,7.27
1831,4,8.79
1832,4,6.06
1833,4,5.91
1834,4,7.57
1835,4,5.91
1836,4,6.36
1837,4,7.57
1838,4,9.09
1839,4,6.97
1840,4,7.27
1841,4,10
1842,4,9.09
1843,4,7.42
1844,4,5.45
1845,4,9.09
1846,4,8.63
1847,4,7.73
1848,4,6.21
1849,4,6.36
1850,4,8.48
1851,4,8.94
1852,4,8.48
1853,4,9.7
1854,4,8.79
1855,4,12.12
1856,4,11.51
1857,4,9.7
1858,4,6.99
1859,4,6.84
1860,4,8.17
1861,4,11.69
1862,4,9.7
1863,4,8.63
1864,4,6.49
1865,4,7.27
1866,4,8.4
1867,4,13.37
1868,4,12.45
1869,4,8.33
1870,4,8.02
1871,4,9.32
1872,4,10.7
1873,4,11.23
1874,4,11.46
1875,4,10.24
1876,4,9.89
1877,4,10.08
1878,4,8.59
1879,4,8.4
1880,4,11.08
1881,4,11.34
1882,4,9.17
1883,4,8.79
1884,4,8.02
1885,4,7.07
1886,4,6.88
1887,4,5.35
1888,4,7.64
1889,4,8
1890,4,8.25
1891,4,12.5
1892,4,9
1893,4,7.4
1894,4,5.9
1895,4,5.9
1896,4,7.5
1897,4,8.5
1898,4,8.5
1899,4,10
1900,4,9
1901,4,8.7
1902,4,8.5
1903,4,8.42
1904,4,8.6
1905,4,9.1
1906,4,8.8
1907,4,9.4
1908,4,9.5
1909,4,9.5
1910,4,8.25
1911,4,9.39
1912,4,10
1913,4,9.3
1914,4,14
1776,5,4.005
1777,5,4.5
1778,5,4.995
1779,5,4.245
1780,5,3.75
1781,5,4.995
1782,5,4.755
1783,5,5.505
1784,5,4.38
1785,5,5.505
1786,5,6.255
1787,5,4.5
1788,5,4.995
1789,5,4.995
1790,5,5.13
1791,5,4.995
1792,5,5.745
1793,5,6
1794,5,3.945
1795,5,3.945
1796,5,3.555
1797,5,4.245
1798,5,5.31
1799,5,6.06
1800,5,7.875
1801,5,7.275
1802,5,7.275
1803,5,3.94
1804,5,4.01
1805,5,4.09
1806,5,5.76
1807,5,5.3
1808,5,6.97
1809,5,5.6
1810,5,4.54
1811,5,7.27
1812,5,12.12
1813,5,10
1814,5,8.28
1815,5,7.57
1816,5,8.79
1817,5,8.3
1818,5,9.89
1819,5,9.77
1820,5,7.27
1821,5,5.76
1822,5,5.76
1823,5,5.76
1824,5,6.06
1825,5,6.06
1826,5,9.09
1827,5,7.88
1828,5,4.54
1829,5,6.67
1830,5,8.08
1831,5,10
1832,5,7.27
1833,5,6.51
1834,5,6.74
1835,5,6.82
1836,5,6.97
1837,5,8.18
1838,5,10
1839,5,7.57
1840,5,7.73
1841,5,10
1842,5,10.91
1843,5,8.94
1844,5,5.76
1845,5,8.48
1846,5,9.09
1847,5,10
1848,5,6.97
1849,5,7.27
1850,5,8.18
1851,5,10
1852,5,10
1853,5,10
1854,5,9.09
1855,5,11.36
1856,5,12.12
1857,5,11.21
1858,5,8.48
1859,5,7.41
1860,5,8.48
1861,5,11.54
1862,5,10.31
1863,5,10.2
1864,5,7.94
1865,5,8.1
1866,5,8.1
1867,5,13.37
1868,5,13.75
1869,5,8.75
1870,5,8.63
1871,5,9.05
1872,5,9.93
1873,5,11.08
1874,5,12.41
1875,5,11.57
1876,5,11.27
1877,5,11.61
1878,5,10.16
1879,5,9.7
1880,5,10.54
1881,5,11.61
1882,5,10.31
1883,5,9.17
1884,5,8.48
1885,5,7.91
1886,5,7.26
1887,5,5.7
1888,5,7.64
1889,5,7.8
1890,5,8.25
1891,5,11.14
1892,5,8.8
1893,5,7.5
1894,5,6.24
1895,5,7.25
1896,5,7
1897,5,7.76
1898,5,8.1
1899,5,8.5
1900,5,8.3
1901,5,8.06
1902,5,8.5
1903,5,8.41
1904,5,8.65
1905,5,8.62
1906,5,8.59
1907,5,8.92
1908,5,8.86
1909,5,9
1910,5,8.68
1911,5,8.97
1912,5,9.74
1913,5,9.52
1914,5,12
1776,6,4.38
1777,6,4.5
1778,6,4.695
1779,6,4.695
1780,6,4.065
1781,6,4.56
1782,6,4.53
1783,6,5.25
1784,6,4.755
1785,6,5.25
1786,6,5.505
1787,6,5.25
1788,6,5.07
1789,6,5.37
1790,6,5.13
1791,6,5.82
1792,6,6
1793,6,6
1794,6,4.245
1795,6,3.78
1796,6,3.6
1797,6,3.78
1798,6,4.95
1799,6,4.995
1800,6,6.36
1801,6,7.725
1802,6,6.51
1803,6,3.94
1804,6,4.01
1805,6,4.09
1806,6,5.91
1807,6,5.45
1808,6,7.12
1809,6,5.22
1810,6,5.45
1811,6,8.48
1812,6,10
1813,6,9.54
1814,6,9.09
1815,6,8.79
1816,6,9.09
1817,6,8.48
1818,6,9.54
1819,6,10.91
1820,6,8.48
1821,6,7.27
1822,6,7.27
1823,6,6.67
1824,6,6.67
1825,6,6.67
1826,6,9.09
1827,6,7.73
1828,6,7.27
1829,6,7.27
1830,6,8.48
1831,6,10.91
1832,6,8.1
1833,6,7.27
1834,6,8.18
1835,6,7.27
1836,6,7.27
1837,6,8.79
1838,6,8.48
1839,6,8.48
1840,6,9.39
1841,6,11.51
1842,6,10.91
1843,6,8.48
1844,6,7.27
1845,6,9.09
1846,6,9.7
1847,6,9.39
1848,6,6.97
1849,6,7.88
1850,6,8.18
1851,6,10
1852,6,9.7
1853,6,10
1854,6,8.63
1855,6,11.51
1856,6,12.12
1857,6,10.91
1858,6,8.48
1859,6,7.87
1860,6,9.09
1861,6,11.23
1862,6,11.08
1863,6,9.93
1864,6,7.64
1865,6,8.4
1866,6,8.48
1867,6,12.15
1868,6,11.92
1869,6,8.94
1870,6,8.9
1871,6,9.05
1872,6,9.74
1873,6,11.46
1874,6,11.61
1875,6,10.5
1876,6,10.39
1877,6,10.31
1878,6,9.09
1879,6,8.77
1880,6,10
1881,6,11.46
1882,6,10.2
1883,6,8.9
1884,6,8.4
1885,6,7.18
1886,6,6.42
1887,6,5.73
1888,6,7.11
1889,6,7.21
1890,6,7.66
1891,6,8.43
1892,6,8.22
1893,6,7.72
1894,6,6.54
1895,6,6.87
1896,6,6.83
1897,6,7.53
1898,6,7.72
1899,6,8.56
1900,6,8.97
1901,6,8.92
1902,6,9
1903,6,8.58
1904,6,8.62
1905,6,8.77
1906,6,8.75
1907,6,8.98
1908,6,8.97
1909,6,9.02
1910,6,8.92
1911,6,9.44
1912,6,9.37
1913,6,9.23
1914,6,10.12
1776,7,3.375
1777,7,3.75
1778,7,4.245
1779,7,4.245
1780,7,3.945
1781,7,4.005
1782,7,4.125
1783,7,4.62
1784,7,4.125
1785,7,4.5
1786,7,4.995
1787,7,4.005
1788,7,4.5
1789,7,4.62
1790,7,4.62
1791,7,4.62
1792,7,5.505
1793,7,5.625
1794,7,4.02
1795,7,4.095
1796,7,3.03
1797,7,3.255
1798,7,4.845
1799,7,5.46
1800,7,6.81
1801,7,7.575
1802,7,7.275
1803,7,3.94
1804,7,4.09
1805,7,4.09
1806,7,5.91
1807,7,5.45
1808,7,6.97
1809,7,5.45
1810,7,5.07
1811,7,6.67
1812,7,9.39
1813,7,9.31
1814,7,8.71
1815,7,8.71
1816,7,8.79
1817,7,8.79
1818,7,9.67
1819,7,9.39
1820,7,7.57
1821,7,6.67
1822,7,5.45
1823,7,5.76
1824,7,5.76
1825,7,5.45
1826,7,8.63
1827,7,7.27
1828,7,5.68
1829,7,6.82
1830,7,7.57
1831,7,9.09
1832,7,7.27
1833,7,6.97
1834,7,7.57
1835,7,7.27
1836,7,6.97
1837,7,7.88
1838,7,9.09
1839,7,7.27
1840,7,7.57
1841,7,10.45
1842,7,9.39
1843,7,7.73
1844,7,5.91
1845,7,10
1846,7,8.79
1847,7,9.31
1848,7,6.36
1849,7,6.67
1850,7,7.88
1851,7,9.09
1852,7,8.48
1853,7,10.3
1854,7,9.09
1855,7,12.57
1856,7,11.36
1857,7,10.15
1858,7,7.73
1859,7,7.23
1860,7,9.09
1861,7,10.92
1862,7,9.7
1863,7,8.79
1864,7,6.99
1865,7,7.64
1866,7,9.09
1867,7,14.29
1868,7,12.57
1869,7,8.56
1870,7,8.06
1871,7,9.93
1872,7,9.93
1873,7,10.7
1874,7,10.85
1875,7,10.16
1876,7,10.2
1877,7,10.7
1878,7,8.6
1879,7,8.4
1880,7,9.93
1881,7,11.27
1882,7,8.98
1883,7,8.6
1884,7,8.02
1885,7,6.68
1886,7,6.11
1887,7,4.97
1888,7,7.07
1889,7,7.5
1890,7,8
1891,7,11.6
1892,7,8.75
1893,7,7.15
1894,7,5.85
1895,7,7
1896,7,7.25
1897,7,7.75
1898,7,8
1899,7,8.5
1900,7,8.5
1901,7,8.05
1902,7,8.05
1903,7,8.05
1904,7,8.6
1905,7,8.7
1906,7,8.75
1907,7,10.5
1908,7,9.85
1909,7,9.65
1910,7,8.3
1911,7,10
1912,7,9.25
1913,7,9.25
1914,7,13
1776,8,3.12
1777,8,2.505
1778,8,2.13
1779,8,3
1780,8,3
1781,8,3.255
1782,8,3
1783,8,3.75
1784,8,3.255
1785,8,3.255
1786,8,4.005
1787,8,3.12
1788,8,3.12
1789,8,3.255
1790,8,3.495
1791,8,3.12
1792,8,4.005
1793,8,3.75
1794,8,3.18
1795,8,3.18
1796,8,2.43
1797,8,2.355
1798,8,3.48
1799,8,3.255
1800,8,5.46
1801,8,4.545
1802,8,4.995
1803,8,2.42
1804,8,3.03
1805,8,3.18
1806,8,4.24
1807,8,4.24
1808,8,4.85
1809,8,4.54
1810,8,4.54
1811,8,5.15
1812,8,5.45
1813,8,6.36
1814,8,7.27
1815,8,7.57
1816,8,6.67
1817,8,7.57
1818,8,8.48
1819,8,8.08
1820,8,6.26
1821,8,4.36
1822,8,4.24
1823,8,4.39
1824,8,4.85
1825,8,3.64
1826,8,7.27
1827,8,6.06
1828,8,4.92
1829,8,5.15
1830,8,5.6
1831,8,7.88
1832,8,5.76
1833,8,4.54
1834,8,5.45
1835,8,5.98
1836,8,5.45
1837,8,7.27
1838,8,8.18
1839,8,6.36
1840,8,6.67
1841,8,9.09
1842,8,7.57
1843,8,7.27
1844,8,4.85
1845,8,10
1846,8,8.63
1847,8,8.18
1848,8,5.68
1849,8,5.76
1850,8,7.27
1851,8,8.33
1852,8,7.57
1853,8,10.3
1854,8,8.18
1855,8,12.42
1856,8,10
1857,8,9.39
1858,8,6.99
1859,8,6.99
1860,8,7.26
1861,8,9.7
1862,8,8.48
1863,8,7.26
1864,8,5.92
1865,8,7.41
1866,8,7.26
1867,8,12.72
1868,8,12.68
1869,8,7.64
1870,8,7.33
1871,8,8.48
1872,8,8.98
1873,8,10.31
1874,8,9.09
1875,8,8.1
1876,8,8.56
1877,8,9.17
1878,8,7.26
1879,8,7.26
1880,8,10.31
1881,8,11.46
1882,8,7.83
1883,8,7.26
1884,8,6.68
1885,8,5.73
1886,8,5.73
1887,8,4.39
1888,8,6.88
1889,8,7.27
1890,8,7.76
1891,8,10.64
1892,8,7.28
1893,8,6.25
1894,8,5.45
1895,8,6.1
1896,8,6.85
1897,8,7.6
1898,8,7.83
1899,8,9.08
1900,8,8.43
1901,8,7.87
1902,8,7.67
1903,8,7.7
1904,8,7.93
1905,8,8.1
1906,8,8
1907,8,9.33
1908,8,9.2
1909,8,9.37
1910,8,8
1911,8,9.4
1912,8,8.67
1913,8,8.72
1914,8,11.35
1776,10,3.255
1777,10,3
1778,10,3.75
1779,10,3.285
1780,10,3.33
1781,10,3.915
1782,10,3.66
1783,10,4.17
1784,10,3.75
1785,10,4.035
1786,10,3.96
1787,10,3.75
1788,10,3.915
1789,10,4.08
1790,10,3.84
1791,10,3.915
1792,10,4.08
1793,10,4.245
1794,10,3.135
1795,10,3.075
1796,10,2.325
1797,10,2.58
1798,10,3.135
1799,10,4.545
1800,10,6.06
1801,10,5.535
1802,10,5.91
1803,10,4.84
1804,10,3.84
1805,10,3.84
1806,10,4.81
1807,10,4.4
1808,10,5.86
1809,10,4.24
1810,10,4.24
1811,10,5.15
1812,10,8.79
1813,10,6.97
1814,10,6.87
1815,10,7.88
1816,10,8.12
1817,10,9.09
1818,10,9.09
1819,10,8.84
1820,10,6.75
1821,10,5.55
1822,10,5.46
1823,10,4.85
1824,10,4.24
1825,10,4.8
1826,10,8.79
1827,10,6.97
1828,10,5.07
1829,10,6.77
1830,10,7.27
1831,10,9.04
1832,10,6.06
1833,10,5.86
1834,10,6.51
1835,10,6.82
1836,10,6.89
1837,10,8.69
1838,10,7.88
1839,10,6.87
1840,10,7.37
1841,10,10
1842,10,9.5
1843,10,7.07
1844,10,5.45
1845,10,8.41
1846,10,9.7
1847,10,8.28
1848,10,6.16
1849,10,6.47
1850,10,8.18
1851,10,8.89
1852,10,8.13
1853,10,10.61
1854,10,8.79
1855,10,12.32
1856,10,9.9
1857,10,8.79
1858,10,8.25
1859,10,7.17
1860,10,8.68
1861,10,10.51
1862,10,9.65
1863,10,8.15
1864,10,6.88
1865,10,8.66
1866,10,9.48
1867,10,15.28
1868,10,13.37
1869,10,8.59
1870,10,8.79
1871,10,9.36
1872,10,9.36
1873,10,11.84
1874,10,11.46
1875,10,10.27
1876,10,10.2
1877,10,9.93
1878,10,8.4
1879,10,8.25
1880,10,10.2
1881,10,11.46
1882,10,8.4
1883,10,8.4
1884,10,7.83
1885,10,7.26
1886,10,6.76
1887,10,5.69
1888,10,7.37
1889,10,8
1890,10,8.25
1891,10,10.3
1892,10,8.2
1893,10,7.46
1894,10,6.2
1895,10,6.8
1896,10,7.2
1897,10,7.65
1898,10,8.32
1899,10,9
1900,10,8.5
1901,10,8.2
1902,10,8.25
1903,10,8.1
1904,10,8.4
1905,10,8.8
1906,10,9.5
1907,10,9.5
1908,10,11
1909,10,10
1910,10,9.75
1911,10,9
1912,10,10
1913,10,10.38
1914,10,14.09
1776,11,2.25
1777,11,2.505
1778,11,3
1779,11,2.505
1780,11,2.505
1781,11,3.495
1782,11,3.87
1783,11,4.245
1784,11,3.495
1785,11,4.5
1786,11,4.245
1787,11,3.63
1788,11,4.5
1789,11,4.62
1790,11,3.87
1791,11,3.87
1792,11,4.5
1793,11,4.38
1794,11,3.18
1795,11,3.18
1796,11,2.115
1797,11,2.355
1798,11,3.63
1799,11,4.545
1800,11,6.66
1801,11,5.46
1802,11,6.135
1803,11,3.64
1804,11,3.94
1805,11,4.09
1806,11,4.85
1807,11,4.54
1808,11,6.36
1809,11,4.85
1810,11,3.94
1811,11,6.21
1812,11,8.48
1813,11,7.5
1814,11,7.04
1815,11,6.82
1816,11,7.57
1817,11,7.27
1818,11,8.48
1819,11,7.88
1820,11,5.91
1821,11,4.85
1822,11,4.85
1823,11,4.54
1824,11,3.64
1825,11,4.39
1826,11,8.48
1827,11,5.45
1828,11,4.92
1829,11,6.06
1830,11,6.97
1831,11,9.09
1832,11,6.06
1833,11,5
1834,11,5.91
1835,11,6.06
1836,11,6.13
1837,11,7.88
1838,11,7.57
1839,11,6.36
1840,11,6.78
1841,11,10
1842,11,9.09
1843,11,6.67
1844,11,5.3
1845,11,9.09
1846,11,9.39
1847,11,7.88
1848,11,5.91
1849,11,5.76
1850,11,6.82
1851,11,9.09
1852,11,7.88
1853,11,11.51
1854,11,9.7
1855,11,13.63
1856,11,10
1857,11,8.79
1858,11,7.26
1859,11,7.26
1860,11,9.09
1861,11,10.62
1862,11,9.09
1863,11,7.64
1864,11,6.88
1865,11,8.94
1866,11,9.32
1867,11,13.94
1868,11,11.76
1869,11,8.79
1870,11,9.09
1871,11,9.7
1872,11,10.12
1873,11,12.1
1874,11,11.27
1875,11,10.24
1876,11,10.12
1877,11,9.85
1878,11,8.75
1879,11,8.79
1880,11,11.08
1881,11,11.84
1882,11,8.48
1883,11,8.52
1884,11,8.29
1885,11,7.45
1886,11,6.49
1887,11,5.62
1888,11,7.64
1889,11,8.44
1890,11,8.3
1891,11,10
1892,11,8.4
1893,11,7.2
1894,11,6
1895,11,7.45
1896,11,7.5
1897,11,8.45
1898,11,8.7
1899,11,9.78
1900,11,8.7
1901,11,8.6
1902,11,8.69
1903,11,8.46
1904,11,9.1
1905,11,9.28
1906,11,9.65
1907,11,11.45
1908,11,10.06
1909,11,9.8
1910,11,8.76
1911,11,10
1912,11,10.66
1913,11,9.8
1914,11,11
1776,12,4.005
1777,12,4.005
1778,12,4.5
1779,12,4.005
1780,12,4.005
1781,12,4.5
1782,12,4.5
1783,12,4.5
1784,12,4.5
1785,12,5.31
1786,12,4.995
1787,12,4.245
1788,12,5.505
1789,12,6
1790,12,4.995
1791,12,4.995
1792,12,6
1793,12,6.255
1794,12,5.31
1795,12,5.115
1796,12,3.705
1797,12,3.945
1798,12,4.995
1799,12,6.975
1800,12,9.09
1801,12,8.175
1802,12,7.575
1803,12,4.7
1804,12,4.54
1805,12,4.62
1806,12,5.6
1807,12,5.6
1808,12,7.04
1809,12,5.76
1810,12,5.45
1811,12,7.73
1812,12,10.15
1813,12,9.09
1814,12,8.63
1815,12,7.27
1816,12,10.11
1817,12,9.09
1818,12,10.91
1819,12,9.7
1820,12,6.67
1821,12,5.76
1822,12,5.91
1823,12,5
1824,12,5.45
1825,12,6.06
1826,12,9.09
1827,12,6.97
1828,12,5.76
1829,12,6.67
1830,12,8.18
1831,12,10.3
1832,12,6.06
1833,12,5.45
1834,12,6.97
1835,12,6.36
1836,12,7.42
1837,12,8.48
1838,12,8.18
1839,12,7.27
1840,12,6.97
1841,12,9.54
1842,12,9.7
1843,12,7.73
1844,12,5.45
1845,12,8.18
1846,12,9.7
1847,12,8.18
1848,12,6.36
1849,12,6.21
1850,12,6.67
1851,12,9.09
1852,12,8.48
1853,12,10.91
1854,12,8.63
1855,12,12.12
1856,12,11.21
1857,12,9.16
1858,12,7.56
1859,12,7.26
1860,12,9.13
1861,12,10.62
1862,12,10.92
1863,12,8.71
1864,12,7.64
1865,12,8.29
1866,12,8.02
1867,12,12.99
1868,12,12
1869,12,8.71
1870,12,8.71
1871,12,8.63
1872,12,9.36
1873,12,11.84
1874,12,11.19
1875,12,9.89
1876,12,9.7
1877,12,9.74
1878,12,8.71
1879,12,8.59
1880,12,9.66
1881,12,10.31
1882,12,8.79
1883,12,8.4
1884,12,7.64
1885,12,7.26
1886,12,6.65
1887,12,5.73
1888,12,6.69
1889,12,7
1890,12,7.35
1891,12,9.67
1892,12,7.85
1893,12,7.27
1894,12,6.33
1895,12,6.33
1896,12,6.95
1897,12,7.5
1898,12,8.24
1899,12,8.5
1900,12,8.31
1901,12,8.31
1902,12,8.34
1903,12,8.02
1904,12,8
1905,12,8.42
1906,12,8.84
1907,12,9.2
1908,12,9.2
1909,12,9.44
1910,12,8.68
1911,12,9.4
1912,12,9.79
1913,12,9.55
1914,12,13.46
1776,13,4.5
1777,13,3.495
1778,13,3.75
1779,13,3.495
1780,13,3.75
1781,13,4.5
1782,13,4.755
1783,13,4.62
1784,13,4.5
1785,13,5.25
1786,13,6
1787,13,4.995
1788,13,5.37
1789,13,5.505
1790,13,5.625
1791,13,5.25
1792,13,5.505
1793,13,6.495
1794,13,4.845
1795,13,5.145
1796,13,3.945
1797,13,3.945
1798,13,4.77
1799,13,7.575
1800,13,8.64
1801,13,8.175
1802,13,7.275
1803,13,4.7
1804,13,4.77
1805,13,4.7
1806,13,6.13
1807,13,6.13
1808,13,8.18
1809,13,6.67
1810,13,5.68
1811,13,7.27
1812,13,11.31
1813,13,11.31
1814,13,9.16
1815,13,7.27
1816,13,9.09
1817,13,9.09
1818,13,10.6
1819,13,9.54
1820,13,6.82
1821,13,5.68
1822,13,5.79
1823,13,5.76
1824,13,5.76
1825,13,5.76
1826,13,9.46
1827,13,6.67
1828,13,6.06
1829,13,7.88
1830,13,9.09
1831,13,10.3
1832,13,7.27
1833,13,6.97
1834,13,6.97
1835,13,6.82
1836,13,7.27
1837,13,8.18
1838,13,8.48
1839,13,7.27
1840,13,7.88
1841,13,9.7
1842,13,10
1843,13,7.57
1844,13,6.06
1845,13,9.7
1846,13,10.91
1847,13,8.79
1848,13,7.27
1849,13,7.27
1850,13,7.88
1851,13,10
1852,13,9.09
1853,13,12.12
1854,13,10.91
1855,13,13.63
1856,13,13.33
1857,13,10.45
1858,13,8.44
1859,13,8.48
1860,13,9.7
1861,13,10.92
1862,13,9.7
1863,13,8.98
1864,13,7.83
1865,13,8.02
1866,13,8.98
1867,13,14.32
1868,13,12.61
1869,13,9.55
1870,13,9.21
1871,13,9.55
1872,13,10.7
1873,13,12.03
1874,13,11.76
1875,13,10.5
1876,13,10.31
1877,13,10.7
1878,13,8.94
1879,13,8.98
1880,13,10.89
1881,13,11.84
1882,13,8.98
1883,13,9.17
1884,13,8.59
1885,13,7.64
1886,13,6.88
1887,13,5.73
1888,13,6.88
1889,13,8.1
1890,13,8.25
1891,13,11
1892,13,8.9
1893,13,8
1894,13,7
1895,13,7
1896,13,7.75
1897,13,8
1898,13,8.1
1899,13,9.25
1900,13,8.5
1901,13,8.5
1902,13,8.5
1903,13,8.2
1904,13,8.9
1905,13,8.84
1906,13,8.97
1907,13,10.25
1908,13,10.08
1909,13,10.09
1910,13,9.75
1911,13,10.54
1912,13,11.57
1913,13,10.8
1914,13,13.48
1776,14,4.005
1777,14,4.005
1778,14,4.38
1779,14,4.185
1780,14,4.185
1781,14,5.25
1782,14,4.5
1783,14,4.995
1784,14,4.125
1785,14,6
1786,14,6
1787,14,4.755
1788,14,5.25
1789,14,5.505
1790,14,5.625
1791,14,6
1792,14,5.88
1793,14,6.195
1794,14,4.545
1795,14,4.545
1796,14,4.245
1797,14,4.545
1798,14,5.46
1799,14,6.825
1800,14,9.09
1801,14,7.275
1802,14,7.275
1803,14,4.24
1804,14,4.24
1805,14,4.31
1806,14,6.06
1807,14,5.76
1808,14,7.88
1809,14,6.06
1810,14,5.15
1811,14,7.27
1812,14,11.21
1813,14,11.13
1814,14,8.48
1815,14,7.73
1816,14,9.09
1817,14,8.63
1818,14,10.1
1819,14,9.09
1820,14,8.18
1821,14,6.06
1822,14,6.06
1823,14,5.45
1824,14,6.06
1825,14,6.36
1826,14,9.7
1827,14,6.06
1828,14,4.96
1829,14,7.27
1830,14,9.39
1831,14,9.39
1832,14,6.67
1833,14,6.67
1834,14,6.67
1835,14,6.67
1836,14,7.27
1837,14,9.09
1838,14,8.48
1839,14,7.88
1840,14,9.09
1841,14,9.54
1842,14,10
1843,14,7.73
1844,14,5.45
1845,14,8.48
1846,14,10.3
1847,14,9.7
1848,14,6.97
1849,14,7.88
1850,14,8.18
1851,14,10.91
1852,14,9.09
1853,14,11.82
1854,14,9.7
1855,14,13.63
1856,14,12.73
1857,14,11.21
1858,14,9.09
1859,14,8.48
1860,14,9.4
1861,14,11.54
1862,14,10.31
1863,14,9.55
1864,14,8.4
1865,14,8.79
1866,14,8.79
1867,14,14.52
1868,14,12.99
1869,14,9.55
1870,14,9.32
1871,14,9.55
1872,14,10.7
1873,14,11.69
1874,14,11.46
1875,14,10.7
1876,14,10.31
1877,14,10.5
1878,14,8.59
1879,14,9.43
1880,14,11.46
1881,14,11.65
1882,14,9.74
1883,14,9.93
1884,14,8.79
1885,14,7.64
1886,14,6.11
1887,14,6.11
1888,14,7.3
1889,14,7.76
1890,14,7.96
1891,14,10.58
1892,14,9
1893,14,7.5
1894,14,6.51
1895,14,6.82
1896,14,7.21
1897,14,7.91
1898,14,8.23
1899,14,9.51
1900,14,8.95
1901,14,8.87
1902,14,8.5
1903,14,8.42
1904,14,9.21
1905,14,8.93
1906,14,9.03
1907,14,9.8
1908,14,9.67
1909,14,9.5
1910,14,9.11
1911,14,9.43
1912,14,9.78
1913,14,9.47
1914,14,11.79
1776,15,4.005
1777,15,4.005
1778,15,4.755
1779,15,4.245
1780,15,4.005
1781,15,5.13
1782,15,4.755
1783,15,5.505
1784,15,4.125
1785,15,5.88
1786,15,6
1787,15,4.245
1788,15,4.995
1789,15,5.505
1790,15,5.4
1791,15,5.505
1792,15,5.505
1793,15,6
1794,15,4.17
1795,15,4.245
1796,15,3.945
1797,15,4.395
1798,15,4.995
1799,15,6.06
1800,15,8.79
1801,15,7.275
1802,15,6.66
1803,15,3.94
1804,15,4.09
1805,15,4.43
1806,15,5.91
1807,15,5.45
1808,15,7.27
1809,15,5.6
1810,15,4.85
1811,15,6.97
1812,15,9.09
1813,15,9.54
1814,15,9.09
1815,15,7.27
1816,15,9.09
1817,15,9.09
1818,15,10
1819,15,8.79
1820,15,6.06
1821,15,5.45
1822,15,5.45
1823,15,5.45
1824,15,6.36
1825,15,5.45
1826,15,9.09
1827,15,5.6
1828,15,5.15
1829,15,7.73
1830,15,9.09
1831,15,9.09
1832,15,6.06
1833,15,6.06
1834,15,6.67
1835,15,6.06
1836,15,6.97
1837,15,8.18
1838,15,9.09
1839,15,7.27
1840,15,7.42
1841,15,9.39
1842,15,10
1843,15,7.27
1844,15,4.74
1845,15,8.63
1846,15,9.7
1847,15,8.48
1848,15,6.21
1849,15,6.97
1850,15,8.18
1851,15,10.3
1852,15,8.48
1853,15,10.6
1854,15,9.09
1855,15,12.73
1856,15,11.36
1857,15,10.3
1858,15,7.26
1859,15,7.26
1860,15,8.17
1861,15,12.3
1862,15,8.94
1863,15,8.79
1864,15,7.07
1865,15,8.4
1866,15,7.83
1867,15,13.37
1868,15,12.11
1869,15,8.79
1870,15,8.36
1871,15,8.75
1872,15,9.93
1873,15,10.89
1874,15,11.08
1875,15,9.7
1876,15,9.7
1877,15,10.7
1878,15,8.59
1879,15,8.56
1880,15,10.12
1881,15,11.27
1882,15,9.17
1883,15,9.17
1884,15,8.59
1885,15,8.21
1886,15,6.49
1887,15,5.16
1888,15,6.3
1889,15,7.1
1890,15,7.52
1891,15,10.25
1892,15,8.42
1893,15,6.75
1894,15,5.76
1895,15,6
1896,15,6.5
1897,15,7.5
1898,15,7.86
1899,15,9.27
1900,15,8
1901,15,8.22
1902,15,7.85
1903,15,7.71
1904,15,8.14
1905,15,8.47
1906,15,8.48
1907,15,8.48
1908,15,8.77
1909,15,8.57
1910,15,8.06
1911,15,8.94
1912,15,9.29
1913,15,8.91
1914,15,11.54
1776,16,4.5
1777,16,4.245
1778,16,4.5
1779,16,3.75
1780,16,4.065
1781,16,5.505
1782,16,4.5
1783,16,5.745
1784,16,4.245
1785,16,5.505
1786,16,6
1787,16,4.62
1788,16,5.505
1789,16,4.755
1790,16,4.995
1791,16,4.995
1792,16,5.505
1793,16,6
1794,16,4.995
1795,16,3.63
1796,16,4.095
1797,16,4.245
1798,16,5.145
1799,16,6.06
1800,16,7.725
1801,16,7.275
1802,16,7.05
1803,16,4.09
1804,16,4.54
1805,16,3.94
1806,16,5.53
1807,16,5.91
1808,16,7.57
1809,16,5.1
1810,16,4.54
1811,16,7.12
1812,16,10.1
1813,16,10
1814,16,7.88
1815,16,7.27
1816,16,9.7
1817,16,9.7
1818,16,10.91
1819,16,9.7
1820,16,6.67
1821,16,6.67
1822,16,6.67
1823,16,5.07
1824,16,7.27
1825,16,7.88
1826,16,9.39
1827,16,6.21
1828,16,5.45
1829,16,8.18
1830,16,8.63
1831,16,9.09
1832,16,6.36
1833,16,6.21
1834,16,6.36
1835,16,6.36
1836,16,7.88
1837,16,8.48
1838,16,9.09
1839,16,8.79
1840,16,7.88
1841,16,9.09
1842,16,9.7
1843,16,7.88
1844,16,5.3
1845,16,9.09
1846,16,9.7
1847,16,8.79
1848,16,6.97
1849,16,7.27
1850,16,8.79
1851,16,11.21
1852,16,9.39
1853,16,12.12
1854,16,9.39
1855,16,12.12
1856,16,12.73
1857,16,11.82
1858,16,7.87
1859,16,8.17
1860,16,9.7
1861,16,13.03
1862,16,9.4
1863,16,10
1864,16,8.17
1865,16,9.7
1866,16,11.46
1867,16,13.94
1868,16,12.99
1869,16,8.98
1870,16,8.98
1871,16,9.09
1872,16,10.7
1873,16,11.46
1874,16,11.46
1875,16,10.31
1876,16,10.05
1877,16,10.2
1878,16,8.71
1879,16,8.59
1880,16,10.7
1881,16,11.46
1882,16,8.4
1883,16,8.59
1884,16,8.4
1885,16,7.83
1886,16,7.1
1887,16,6.3
1888,16,7.64
1889,16,8
1890,16,7.92
1891,16,10
1892,16,8.77
1893,16,7.91
1894,16,6.76
1895,16,7.3
1896,16,7.52
1897,16,8
1898,16,8.22
1899,16,9.49
1900,16,9.36
1901,16,8.85
1902,16,8.74
1903,16,8.64
1904,16,8.81
1905,16,8.9
1906,16,9.05
1907,16,9.63
1908,16,9.68
1909,16,9.65
1910,16,9.27
1911,16,9.68
1912,16,10.03
1913,16,9.63
1914,16,11.74
1776,17,4.32
1777,17,4.005
1778,17,4.38
1779,17,3.87
1780,17,3.945
1781,17,4.875
1782,17,4.125
1783,17,4.995
1784,17,4.005
1785,17,5.625
1786,17,6.12
1787,17,4.44
1788,17,5.25
1789,17,5.85
1790,17,5.445
1791,17,5.07
1792,17,6.06
1793,17,6.195
1794,17,4.32
1795,17,3.87
1796,17,3.63
1797,17,4.02
1798,17,4.62
1799,17,5.64
1800,17,7.8
1801,17,6.735
1802,17,6.435
1803,17,3.98
1804,17,4.23
1805,17,4.2
1806,17,5.76
1807,17,5.76
1808,17,6.82
1809,17,5
1810,17,4.47
1811,17,7.36
1812,17,9.16
1813,17,8.56
1814,17,7.36
1815,17,7.58
1816,17,8.59
1817,17,10.8
1818,17,11.02
1819,17,8.78
1820,17,7.42
1821,17,4.85
1822,17,5.61
1823,17,6.17
1824,17,6.17
1825,17,7.15
1826,17,9.05
1827,17,5.56
1828,17,4.65
1829,17,6.93
1830,17,7.39
1831,17,8.74
1832,17,6.17
1833,17,5.87
1834,17,6.48
1835,17,6.24
1836,17,6.55
1837,17,8.06
1838,17,8.82
1839,17,7.88
1840,17,7.42
1841,17,9.24
1842,17,8.64
1843,17,7.65
1844,17,5.07
1845,17,8.64
1846,17,8.33
1847,17,8.03
1848,17,5.91
1849,17,6.82
1850,17,8.33
1851,17,9.85
1852,17,9.31
1853,17,10.15
1854,17,8.94
1855,17,11.97
1856,17,11.66
1857,17,10.3
1858,17,6.99
1859,17,6.69
1860,17,8.9
1861,17,11.69
1862,17,9.24
1863,17,9.32
1864,17,6.78
1865,17,7.36
1866,17,9.28
1867,17,14.48
1868,17,11.88
1869,17,8.36
1870,17,8.23
1871,17,8.88
1872,17,10.07
1873,17,11.07
1874,17,10.62
1875,17,9.16
1876,17,9.43
1877,17,9.24
1878,17,8.39
1879,17,8.36
1880,17,11.61
1881,17,10.81
1882,17,8.52
1883,17,8.48
1884,17,7.76
1885,17,6.98
1886,17,6.49
1887,17,5.54
1888,17,7.37
1889,17,8.5
1890,17,8.12
1891,17,12.2
1892,17,8
1893,17,7
1894,17,6.02
1895,17,6.96
1896,17,7.75
1897,17,8.21
1898,17,8.67
1899,17,10.06
1900,17,8.53
1901,17,8.53
1902,17,8.05
1903,17,7.96
1904,17,9.06
1905,17,8.79
1906,17,8.82
1907,17,9.13
1908,17,9.46
1909,17,9.41
1910,17,8.58
1911,17,10.27
1912,17,9.93
1913,17,9.65
1914,17,14.06
1776,18,4.005
1777,18,3.69
1778,18,3.81
1779,18,3.69
1780,18,4.32
1781,18,4.995
1782,18,3.57
1783,18,4.62
1784,18,4.005
1785,18,5.505
1786,18,5.82
1787,18,4.38
1788,18,4.815
1789,18,5.25
1790,18,5.505
1791,18,4.62
1792,18,5.505
1793,18,5.745
1794,18,3.63
1795,18,3.405
1796,18,3.405
1797,18,3.405
1798,18,4.095
1799,18,5.46
1800,18,7.275
1801,18,6.81
1802,18,6.36
1803,18,3.79
1804,18,4.16
1805,18,4.31
1806,18,5.68
1807,18,5.45
1808,18,6.82
1809,18,5.15
1810,18,4.39
1811,18,7.5
1812,18,8.48
1813,18,8.33
1814,18,7.42
1815,18,7.27
1816,18,8.48
1817,18,10.15
1818,18,10.3
1819,18,8.74
1820,18,7.12
1821,18,4.85
1822,18,5.53
1823,18,5.22
1824,18,5
1825,18,6.36
1826,18,9.77
1827,18,5.6
1828,18,5.15
1829,18,6.36
1830,18,6.97
1831,18,8.94
1832,18,6.36
1833,18,5.91
1834,18,6.36
1835,18,6.36
1836,18,6.36
1837,18,7.57
1838,18,8.79
1839,18,7.73
1840,18,7.27
1841,18,10
1842,18,8.18
1843,18,7.73
1844,18,5.19
1845,18,10.77
1846,18,8.06
1847,18,7.5
1848,18,6.06
1849,18,6.67
1850,18,7.88
1851,18,8.56
1852,18,8.48
1853,18,10.37
1854,18,8.94
1855,18,12.42
1856,18,11.21
1857,18,8.79
1858,18,6.68
1859,18,6.84
1860,18,7.87
1861,18,10.62
1862,18,9.09
1863,18,8.25
1864,18,6.42
1865,18,7.3
1866,18,8.48
1867,18,13.37
1868,18,11.65
1869,18,8.02
1870,18,7.83
1871,18,8.79
1872,18,8.75
1873,18,10
1874,18,9.63
1875,18,8.94
1876,18,9.05
1877,18,9.51
1878,18,7.72
1879,18,8.1
1880,18,10.73
1881,18,11.76
1882,18,8.02
1883,18,8.1
1884,18,7.56
1885,18,6.45
1886,18,6.34
1887,18,4.97
1888,18,6.92
1889,18,7.12
1890,18,7.67
1891,18,12.05
1892,18,7.83
1893,18,6.87
1894,18,5.62
1895,18,6.1
1896,18,6.97
1897,18,7.59
1898,18,7.58
1899,18,8.69
1900,18,8.44
1901,18,8.29
1902,18,7.26
1903,18,7.3
1904,18,8.15
1905,18,8.9
1906,18,9.03
1907,18,8.81
1908,18,9.4
1909,18,8.95
1910,18,8.39
1911,18,9.62
1912,18,9.68
1913,18,8.99
1914,18,12.15
1776,19,4.245
1777,19,3.75
1778,19,4.005
1779,19,3.75
1780,19,4.245
1781,19,5.505
1782,19,4.005
1783,19,5.505
1784,19,4.245
1785,19,5.505
1786,19,5.505
1787,19,4.995
1788,19,4.995
1789,19,6
1790,19,6
1791,19,5.505
1792,19,6
1793,19,6
1794,19,3.945
1795,19,3.945
1796,19,3.945
1797,19,3.945
1798,19,4.245
1799,19,5.385
1800,19,6.975
1801,19,7.575
1802,19,7.275
1803,19,4.54
1804,19,4.7
1805,19,4.85
1806,19,5.76
1807,19,6.36
1808,19,7.27
1809,19,6.36
1810,19,5.83
1811,19,6.82
1812,19,9.09
1813,19,9.09
1814,19,8.63
1815,19,8.18
1816,19,10.15
1817,19,10.45
1818,19,11.82
1819,19,11.82
1820,19,10
1821,19,7.27
1822,19,7.27
1823,19,7.27
1824,19,6.67
1825,19,7.27
1826,19,11.21
1827,19,8.18
1828,19,6.36
1829,19,8.18
1830,19,8.48
1831,19,10.3
1832,19,9.7
1833,19,8.18
1834,19,7.88
1835,19,8.18
1836,19,8.48
1837,19,9.39
1838,19,10.3
1839,19,9.39
1840,19,8.79
1841,19,10.91
1842,19,9.7
1843,19,9.46
1844,19,7.27
1845,19,11.51
1846,19,10.34
1847,19,9.54
1848,19,8.48
1849,19,8.33
1850,19,9.09
1851,19,9.77
1852,19,10.3
1853,19,11.21
1854,19,10.68
1855,19,11.82
1856,19,14.16
1857,19,11.51
1858,19,8.63
1859,19,8.33
1860,19,9.4
1861,19,12.11
1862,19,10.92
1863,19,10.89
1864,19,8.59
1865,19,8.79
1866,19,9.24
1867,19,14.94
1868,19,13.75
1869,19,10.92
1870,19,9.63
1871,19,10.31
1872,19,10.7
1873,19,11.42
1874,19,11.96
1875,19,11
1876,19,10.66
1877,19,11.19
1878,19,9.63
1879,19,9.36
1880,19,12.72
1881,19,12.61
1882,19,9.66
1883,19,9.85
1884,19,8.94
1885,19,10.62
1886,19,7.64
1887,19,6.8
1888,19,8.41
1889,19,8.59
1890,19,8.98
1891,19,12.05
1892,19,9.71
1893,19,8.04
1894,19,6.55
1895,19,7.11
1896,19,7.78
1897,19,8.36
1898,19,8.59
1899,19,9.64
1900,19,9.51
1901,19,9.11
1902,19,9
1903,19,8.7
1904,19,9.01
1905,19,9.07
1906,19,9.25
1907,19,10.35
1908,19,9.89
1909,19,9.89
1910,19,9.11
1911,19,9.94
1912,19,10.26
1913,19,9.71
1914,19,12.45
1776,20A,4.005
1777,20A,3.75
1778,20A,3.75
1779,20A,4.005
1780,20A,4.005
1781,20A,4.995
1782,20A,4.245
1783,20A,4.995
1784,20A,4.245
1785,20A,5.505
1786,20A,5.505
1787,20A,5.505
1788,20A,5.505
1789,20A,6.12
1790,20A,6
1791,20A,5.31
1792,20A,5.505
1793,20A,6.255
1794,20A,4.02
1795,20A,4.245
1796,20A,3.78
1797,20A,3.705
1798,20A,4.095
1799,20A,6.36
1800,20A,7.875
1801,20A,7.575
1802,20A,7.275
1803,20A,4.24
1804,20A,4.54
1805,20A,4.39
1806,20A,5.45
1807,20A,5.91
1808,20A,7.27
1809,20A,6.36
1810,20A,5.45
1811,20A,7.57
1812,20A,9.09
1813,20A,8.18
1814,20A,7.73
1815,20A,7.57
1816,20A,8.48
1817,20A,10
1818,20A,10.45
1819,20A,9.39
1820,20A,8.63
1821,20A,6.06
1822,20A,6.06
1823,20A,5.91
1824,20A,5.45
1825,20A,6.06
1826,20A,8.71
1827,20A,7.27
1828,20A,6.06
1829,20A,6.97
1830,20A,7.88
1831,20A,10.15
1832,20A,7.88
1833,20A,6.67
1834,20A,7.27
1835,20A,7.57
1836,20A,7.27
1837,20A,7.57
1838,20A,8.79
1839,20A,7.88
1840,20A,7.88
1841,20A,10.6
1842,20A,9.09
1843,20A,8.63
1844,20A,6.67
1845,20A,11.13
1846,20A,9.09
1847,20A,9.09
1848,20A,7.12
1849,20A,7.27
1850,20A,8.48
1851,20A,8.86
1852,20A,9.39
1853,20A,11.21
1854,20A,10.3
1855,20A,13.33
1856,20A,11.82
1857,20A,9.7
1858,20A,7.87
1859,20A,7.87
1860,20A,9.25
1861,20A,11.23
1862,20A,10.78
1863,20A,9.55
1864,20A,7.64
1865,20A,7.64
1866,20A,7.64
1867,20A,12.61
1868,20A,13.18
1869,20A,10.5
1870,20A,9.55
1871,20A,8.79
1872,20A,9.55
1873,20A,10.78
1874,20A,10.7
1875,20A,10.01
1876,20A,10.31
1877,20A,10.7
1878,20A,8.02
1879,20A,7.72
1880,20A,10.16
1881,20A,10.16
1882,20A,8.25
1883,20A,8.74
1884,20A,8.02
1885,20A,7.45
1886,20A,7.26
1887,20A,6.05
1888,20A,8.08
1889,20A,8.55
1890,20A,8.9
1891,20A,11.85
1892,20A,9
1893,20A,7.58
1894,20A,6.75
1895,20A,6.85
1896,20A,7.2
1897,20A,8.36
1898,20A,8.55
1899,20A,9.75
1900,20A,9.71
1901,20A,9
1902,20A,8.21
1903,20A,7.99
1904,20A,8.02
1905,20A,8.45
1906,20A,8.72
1907,20A,9.65
1908,20A,9.55
1909,20A,9.26
1910,20A,8.28
1911,20A,10.21
1912,20A,9.94
1913,20A,9.27
1914,20A,13.4
1776,20B,4.5
1777,20B,4.005
1778,20B,4.005
1779,20B,4.005
1780,20B,4.005
1781,20B,4.995
1782,20B,4.245
1783,20B,4.995
1784,20B,4.5
1785,20B,4.995
1786,20B,4.995
1787,20B,4.995
1788,20B,4.995
1789,20B,5.505
1790,20B,5.88
1791,20B,5.25
1792,20B,5.28
1793,20B,5.745
1794,20B,3.945
1795,20B,4.245
1796,20B,3.78
1797,20B,3.705
1798,20B,4.125
1799,20B,5.46
1800,20B,7.275
1801,20B,7.275
1802,20B,6.585
1803,20B,4.24
1804,20B,4.31
1805,20B,4.31
1806,20B,5.15
1807,20B,5.83
1808,20B,7.19
1809,20B,6.67
1810,20B,6.21
1811,20B,7.57
1812,20B,9.09
1813,20B,8.4
1814,20B,7.88
1815,20B,7.73
1816,20B,8.63
1817,20B,10
1818,20B,10.79
1819,20B,10.3
1820,20B,9.54
1821,20B,6.97
1822,20B,6.82
1823,20B,6.48
1824,20B,5.91
1825,20B,6.51
1826,20B,8.18
1827,20B,7.27
1828,20B,6.06
1829,20B,7.04
1830,20B,7.95
1831,20B,9.7
1832,20B,8.18
1833,20B,7.23
1834,20B,7.27
1835,20B,7.88
1836,20B,7.57
1837,20B,7.95
1838,20B,7.69
1839,20B,7.73
1840,20B,7.57
1841,20B,9.85
1842,20B,9.09
1843,20B,8.94
1844,20B,7.42
1845,20B,9.85
1846,20B,9.09
1847,20B,9.39
1848,20B,7.42
1849,20B,7.57
1850,20B,8.48
1851,20B,9.16
1852,20B,9.7
1853,20B,11.21
1854,20B,10
1855,20B,13.03
1856,20B,13.03
1857,20B,10.45
1858,20B,8.48
1859,20B,8.74
1860,20B,9.86
1861,20B,11.23
1862,20B,10.78
1863,20B,10.01
1864,20B,8.74
1865,20B,8.55
1866,20B,8.55
1867,20B,13.37
1868,20B,13.37
1869,20B,10.5
1870,20B,8.59
1871,20B,9.1
1872,20B,9.55
1873,20B,10.58
1874,20B,10.89
1875,20B,10.08
1876,20B,10.31
1877,20B,11.08
1878,20B,9.32
1879,20B,9.02
1880,20B,10.7
1881,20B,12.18
1882,20B,9.59
1883,20B,9.86
1884,20B,8.87
1885,20B,7.83
1886,20B,7.26
1887,20B,6.15
1888,20B,7.57
1889,20B,7.8
1890,20B,8.06
1891,20B,10.99
1892,20B,8.85
1893,20B,7.68
1894,20B,6.8
1895,20B,8.1
1896,20B,7.9
1897,20B,8.53
1898,20B,8.98
1899,20B,9.75
1900,20B,9.71
1901,20B,9.1
1902,20B,8.3
1903,20B,8.1
1904,20B,8.55
1905,20B,8.7
1906,20B,8.72
1907,20B,9.65
1908,20B,9.71
1909,20B,9.75
1910,20B,9.35
1911,20B,9.9
1912,20B,10.25
1913,20B,10.19
1914,20B,12.97
1776,21,3.87
1777,21,4.245
1778,21,4.005
1779,21,4.005
1780,21,4.38
1781,21,4.755
1782,21,4.5
1783,21,4.995
1784,21,4.995
1785,21,4.755
1786,21,4.995
1787,21,4.995
1788,21,5.13
1789,21,5.25
1790,21,5.25
1791,21,5.25
1792,21,5.25
1793,21,5.505
1794,21,3.945
1795,21,4.395
1796,21,3.87
1797,21,4.17
1798,21,4.245
1799,21,5.76
1800,21,7.575
1801,21,8.175
1802,21,8.175
1803,21,4.24
1804,21,4.54
1805,21,4.54
1806,21,5.6
1807,21,5.91
1808,21,7.04
1809,21,7.04
1810,21,5.76
1811,21,6.67
1812,21,8.18
1813,21,8.18
1814,21,7.27
1815,21,7.27
1816,21,8.63
1817,21,9.39
1818,21,10.91
1819,21,9.09
1820,21,9.09
1821,21,7.27
1822,21,7.27
1823,21,6.82
1824,21,6.51
1825,21,6.67
1826,21,8.48
1827,21,7.57
1828,21,6.67
1829,21,7.27
1830,21,7.57
1831,21,10.91
1832,21,8.86
1833,21,7.73
1834,21,7.73
1835,21,7.88
1836,21,8.03
1837,21,8.33
1838,21,9.09
1839,21,8.03
1840,21,7.42
1841,21,9.7
1842,21,9.39
1843,21,9.54
1844,21,9.09
1845,21,9.46
1846,21,9.7
1847,21,10
1848,21,8.18
1849,21,7.88
1850,21,8.48
1851,21,9.54
1852,21,8.63
1853,21,10
1854,21,9.7
1855,21,11.82
1856,21,12.73
1857,21,10.91
1858,21,8.59
1859,21,9.17
1860,21,9.17
1861,21,10.31
1862,21,10.31
1863,21,10.31
1864,21,9.74
1865,21,9.93
1866,21,9.93
1867,21,14.32
1868,21,12.22
1869,21,9.93
1870,21,9.36
1871,21,9.55
1872,21,9.55
1873,21,10.12
1874,21,10.54
1875,21,10.2
1876,21,10.12
1877,21,10.5
1878,21,8.98
1879,21,8.79
1880,21,9.74
1881,21,11.08
1882,21,9.93
1883,21,9.55
1884,21,8.4
1885,21,7.83
1886,21,7.83
1887,21,7.26
1888,21,8.6
1889,21,8.25
1890,21,8.35
1891,21,10
1892,21,8.7
1893,21,8
1894,21,7.2
1895,21,7.85
1896,21,8.02
1897,21,8.78
1898,21,8.7
1899,21,9.57
1900,21,9.69
1901,21,9.54
1902,21,9.53
1903,21,9.8
1904,21,9.63
1905,21,9.63
1906,21,9.52
1907,21,10.36
1908,21,9.99
1909,21,9.92
1910,21,9.52
1911,21,9.72
1912,21,10.29
1913,21,9.71
1914,21,11.71
1776,22A,13.5
1777,22A,1.5
1778,22A,1.755
1779,22A,2.505
1780,22A,2.505
1781,22A,3
1782,22A,2.505
1783,22A,3.495
1784,22A,0.6
1785,22A,3.495
1786,22A,3.75
1787,22A,0.6
1788,22A,4.245
1789,22A,4.245
1790,22A,0.6
1791,22A,4.005
1792,22A,4.005
1793,22A,3.495
1794,22A,2.73
1795,22A,2.73
1796,22A,2.73
1797,22A,2.73
1798,22A,3.33
1799,22A,2.73
1800,22A,2.28
1801,22A,3.18
1802,22A,2.28
1803,22A,2.95
1804,22A,2.73
1805,22A,2.73
1806,22A,2.73
1807,22A,2.73
1808,22A,2.73
1809,22A,2.73
1810,22A,4.09
1811,22A,4.54
1812,22A,9
1813,22A,5.65
1814,22A,5.22
1815,22A,2.73
1816,22A,2.27
1817,22A,2.73
1818,22A,2.73
1819,22A,8.18
1820,22A,6.06
1821,22A,10.91
1822,22A,8.18
1823,22A,7.27
1824,22A,6.82
1825,22A,4.54
1826,22A,3.45
1827,22A,4.24
1828,22A,4.24
1829,22A,4.24
1830,22A,4.24
1831,22A,6.36
1832,22A,4.54
1833,22A,4.54
1834,22A,6.06
1835,22A,3.64
1836,22A,2.42
1837,22A,3.64
1838,22A,4.54
1839,22A,4.85
1840,22A,6.06
1841,22A,5.15
1842,22A,5.45
1843,22A,7.88
1844,22A,6.67
1845,22A,7.27
1846,22A,7.42
1847,22A,7.27
1848,22A,6.82
1849,22A,4.31
1850,22A,6.82
1851,22A,3.03
1852,22A,7.27
1853,22A,6.67
1854,22A,7.27
1855,22A,9.09
1856,22A,3.64
1857,22A,10.91
1858,22A,9.17
1859,22A,9.55
1860,22A,8.4
1861,22A,9.7
1862,22A,5.77
1863,22A,6.07
1864,22A,6.68
1865,22A,7.41
1866,22A,9.21
1867,22A,6.11
1868,22A,10.5
1869,22A,7.64
1870,22A,10.04
1871,22A,8.59
1872,22A,10.28
1873,22A,12.11
1874,22A,12.22
1875,22A,11.46
1876,22A,12.11
1877,22A,6.68
1878,22A,11.46
1879,22A,9.55
1880,22A,10.31
1881,22A,7.64
1882,22A,10.31
1883,22A,10.31
1884,22A,9.17
1885,22A,4.16
1886,22A,7.64
1887,22A,7.64
1888,22A,5.73
1889,22A,7
1890,22A,7
1891,22A,9
1892,22A,5.5
1893,22A,6
1894,22A,8
1895,22A,8
1896,22A,8
1897,22A,10
1898,22A,11
1899,22A,11
1900,22A,10.75
1901,22A,9.6
1902,22A,10
1903,22A,10
1904,22A,10
1905,22A,10
1906,22A,10
1907,22A,11
1908,22A,10
1909,22A,9.4
1910,22A,10
1911,22A,10
1912,22A,11.04
1913,22A,11.04
1914,22A,12.91
1776,22B,NA
1777,22B,NA
1778,22B,NA
1779,22B,NA
1780,22B,NA
1781,22B,NA
1782,22B,NA
1783,22B,NA
1784,22B,NA
1785,22B,NA
1786,22B,NA
1787,22B,NA
1788,22B,NA
1789,22B,NA
1790,22B,NA
1791,22B,NA
1792,22B,NA
1793,22B,NA
1794,22B,3.33
1795,22B,3.63
1796,22B,3.555
1797,22B,3.63
1798,22B,3.945
1799,22B,4.995
1800,22B,6.06
1801,22B,6.975
1802,22B,6.975
1803,22B,4.09
1804,22B,4.24
1805,22B,4.39
1806,22B,4.39
1807,22B,4.7
1808,22B,5.6
1809,22B,6.06
1810,22B,5.45
1811,22B,6.36
1812,22B,3.79
1813,22B,8.41
1814,22B,7.27
1815,22B,5.82
1816,22B,7.34
1817,22B,8.38
1818,22B,9.92
1819,22B,10
1820,22B,10.45
1821,22B,10.91
1822,22B,9.54
1823,22B,8.63
1824,22B,8.18
1825,22B,7.73
1826,22B,7.73
1827,22B,6.97
1828,22B,6.67
1829,22B,6.67
1830,22B,6.67
1831,22B,8.18
1832,22B,7.27
1833,22B,7.27
1834,22B,7.57
1835,22B,7.27
1836,22B,6.67
1837,22B,7.27
1838,22B,8.48
1839,22B,8.48
1840,22B,7.27
1841,22B,6.67
1842,22B,6.51
1843,22B,8.48
1844,22B,7.27
1845,22B,7.88
1846,22B,7.57
1847,22B,8.18
1848,22B,7.73
1849,22B,5
1850,22B,8.33
1851,22B,6.36
1852,22B,8.79
1853,22B,8.18
1854,22B,8.03
1855,22B,10
1856,22B,12.12
1857,22B,10.91
1858,22B,9.17
1859,22B,9.55
1860,22B,8.4
1861,22B,9.7
1862,22B,10.31
1863,22B,10.62
1864,22B,11.39
1865,22B,7.41
1866,22B,9.21
1867,22B,7.83
1868,22B,10.5
1869,22B,7.64
1870,22B,10.04
1871,22B,10.27
1872,22B,10.27
1873,22B,12.11
1874,22B,11.31
1875,22B,10.78
1876,22B,11.19
1877,22B,6.49
1878,22B,9.89
1879,22B,9.25
1880,22B,8.59
1881,22B,7.53
1882,22B,8.29
1883,22B,8.17
1884,22B,7.79
1885,22B,4.16
1886,22B,6.88
1887,22B,6.69
1888,22B,7.22
1889,22B,8
1890,22B,8
1891,22B,10.47
1892,22B,6.65
1893,22B,9
1894,22B,7.91
1895,22B,7.16
1896,22B,7.41
1897,22B,7.84
1898,22B,7
1899,22B,6.84
1900,22B,7.93
1901,22B,8.5
1902,22B,7.63
1903,22B,8.46
1904,22B,9.43
1905,22B,9.06
1906,22B,8.86
1907,22B,9.23
1908,22B,9.36
1909,22B,8.7
1910,22B,8.55
1911,22B,8.84
1912,22B,9.51
1913,22B,9.1
1914,22B,11.58
1776,23,NA
1777,23,NA
1778,23,NA
1779,23,NA
1780,23,NA
1781,23,NA
1782,23,NA
1783,23,NA
1784,23,NA
1785,23,NA
1786,23,NA
1787,23,NA
1788,23,NA
1789,23,NA
1790,23,NA
1791,23,NA
1792,23,NA
1793,23,NA
1794,23,3.48
1795,23,3.87
1796,23,3.945
1797,23,4.245
1798,23,4.245
1799,23,4.995
1800,23,7.5
1801,23,9.09
1802,23,9.09
1803,23,4.85
1804,23,4.85
1805,23,4.7
1806,23,5.53
1807,23,5.96
1808,23,8.14
1809,23,7.73
1810,23,5.45
1811,23,7.27
1812,23,9.09
1813,23,8.86
1814,23,8.48
1815,23,7.88
1816,23,9.09
1817,23,9.7
1818,23,10.3
1819,23,9.09
1820,23,8.63
1821,23,8.48
1822,23,7.42
1823,23,7.5
1824,23,7.27
1825,23,7.12
1826,23,9.09
1827,23,8.18
1828,23,7.5
1829,23,8.48
1830,23,8.86
1831,23,10.91
1832,23,10.45
1833,23,10.45
1834,23,8.48
1835,23,9.09
1836,23,9.09
1837,23,9.09
1838,23,10.83
1839,23,9.09
1840,23,9.7
1841,23,10.15
1842,23,9.54
1843,23,9.54
1844,23,8.63
1845,23,9.09
1846,23,9.7
1847,23,10.3
1848,23,8.79
1849,23,8.33
1850,23,8.63
1851,23,9.85
1852,23,9.7
1853,23,10.6
1854,23,10.37
1855,23,12.12
1856,23,13.03
1857,23,11.21
1858,23,9.7
1859,23,9.55
1860,23,10
1861,23,11.12
1862,23,12.34
1863,23,11.12
1864,23,10.27
1865,23,10.54
1866,23,10.54
1867,23,13.37
1868,23,14.02
1869,23,11.5
1870,23,9.93
1871,23,10.5
1872,23,10.81
1873,23,11.88
1874,23,13.06
1875,23,11.46
1876,23,10.96
1877,23,11.57
1878,23,10.5
1879,23,9.93
1880,23,10.54
1881,23,13.18
1882,23,10.89
1883,23,10.66
1884,23,9.43
1885,23,8.79
1886,23,8.59
1887,23,7.64
1888,23,9.06
1889,23,9.34
1890,23,9.35
1891,23,10.99
1892,23,10.24
1893,23,9.56
1894,23,8.24
1895,23,7.87
1896,23,8.42
1897,23,8.75
1898,23,9.37
1899,23,10.03
1900,23,10.25
1901,23,10.14
1902,23,10.19
1903,23,10.12
1904,23,10.12
1905,23,10.5
1906,23,10.5
1907,23,10.5
1908,23,11
1909,23,10.75
1910,23,10.19
1911,23,11
1912,23,10.89
1913,23,11.13
1914,23,11.18
1776,24,NA
1777,24,NA
1778,24,NA
1779,24,NA
1780,24,NA
1781,24,NA
1782,24,NA
1783,24,NA
1784,24,NA
1785,24,NA
1786,24,NA
1787,24,NA
1788,24,NA
1789,24,NA
1790,24,NA
1791,24,NA
1792,24,NA
1793,24,NA
1794,24,3.66
1795,24,4.065
1796,24,4.14
1797,24,4.47
1798,24,4.47
1799,24,5.265
1800,24,7.89
1801,24,9.57
1802,24,9.57
1803,24,5.1
1804,24,5.1
1805,24,4.95
1806,24,5.82
1807,24,6.27
1808,24,8.57
1809,24,8.13
1810,24,5.73
1811,24,7.65
1812,24,8.18
1813,24,9.09
1814,24,7.88
1815,24,7.88
1816,24,9.7
1817,24,9.09
1818,24,9.85
1819,24,9.39
1820,24,8.33
1821,24,8.33
1822,24,8.18
1823,24,7.73
1824,24,7.88
1825,24,7.27
1826,24,8.18
1827,24,7.73
1828,24,7.27
1829,24,7.57
1830,24,7.73
1831,24,9.7
1832,24,9.7
1833,24,8.63
1834,24,7.57
1835,24,7.73
1836,24,7.73
1837,24,8.48
1838,24,7.73
1839,24,8.18
1840,24,8.86
1841,24,9.7
1842,24,9.7
1843,24,9.54
1844,24,9.09
1845,24,9.39
1846,24,9.39
1847,24,9.7
1848,24,8.94
1849,24,8.18
1850,24,8.48
1851,24,10
1852,24,9.39
1853,24,10
1854,24,10.3
1855,24,12.12
1856,24,15.15
1857,24,11.51
1858,24,9.7
1859,24,9.55
1860,24,9.55
1861,24,9.55
1862,24,13.33
1863,24,10.16
1864,24,10.31
1865,24,10.08
1866,24,10.27
1867,24,17.19
1868,24,12.99
1869,24,12.16
1870,24,10.05
1871,24,9.82
1872,24,9.63
1873,24,10.5
1874,24,11.46
1875,24,10.35
1876,24,10.43
1877,24,11.99
1878,24,10.2
1879,24,9.59
1880,24,11.04
1881,24,11.8
1882,24,10.77
1883,24,10.77
1884,24,9.47
1885,24,8.44
1886,24,8.06
1887,24,6.69
1888,24,9.57
1889,24,9.23
1890,24,8.29
1891,24,11.32
1892,24,10.6
1893,24,9.44
1894,24,7.89
1895,24,8.7
1896,24,8.93
1897,24,9.08
1898,24,9.62
1899,24,9.79
1900,24,9.92
1901,24,10
1902,24,10.5
1903,24,9.92
1904,24,9.88
1905,24,9.96
1906,24,10.04
1907,24,11.5
1908,24,11.17
1909,24,11.17
1910,24,10.71
1911,24,10.96
1912,24,11.48
1913,24,11.09
1914,24,12.71
